{
  "formatVersion": 1,
  "database": {
    "version": 1,
    "identityHash": "2f634361751065c1adbe33582d7fa386",
    "entities": [
      {
        "tableName": "logs",
        "createSql": "CREATE TABLE IF NOT EXISTS `${TABLE_NAME}` (`id` INTEGER PRIMARY KEY AUTOINCREMENT NOT NULL, `log_kind` INTEGER NOT NULL, `log_content` TEXT)",
        "fields": [
          {
            "fieldPath": "id",
            "columnName": "id",
            "affinity": "INTEGER",
            "notNull": true
          },
          {
            "fieldPath": "kindOfSrcLog",
            "columnName": "log_kind",
            "affinity": "INTEGER",
            "notNull": true
          },
          {
            "fieldPath": "content",
            "columnName": "log_content",
            "affinity": "TEXT",
            "notNull": false
          }
        ],
        "primaryKey": {
          "columnNames": [
            "id"
          ],
          "autoGenerate": true
        },
        "indices": [],
        "foreignKeys": []
      }
    ],
    "setupQueries": [
      "CREATE TABLE IF NOT EXISTS room_master_table (id INTEGER PRIMARY KEY,identity_hash TEXT)",
      "INSERT OR REPLACE INTO room_master_table (id,identity_hash) VALUES(42, \"2f634361751065c1adbe33582d7fa386\")"
    ]
  }
}